{
  "name": "box intersect param sweep",
  "algorithms": [
    "box-intersect",
    "rbush-incremental"
  ],
  "distribution": {
    "d": 2,
    "type": "uniform",
    "lo": [0.00001,0.00001],
    "hi": [0.0001,0.0001]
  },
  "sweep": {
    "n": [100000, 200000, 300000, 400000, 500000, 600000]
  },
  "numIters": 10
}